"id","name","sub_category"
"90006137","Chiquita bananen","Banaan, appel & peer"
"90006132","Bananen","Banaan, appel & peer"
"90006052","Pink lady appels","Banaan, appel & peer"
"90006122","Elstar appels","Banaan, appel & peer"
"90006051","Conference peren (voordeel verpakking)","Banaan, appel & peer"
"90006036","Conference peren","Banaan, appel & peer"
"11299303","Blauwe bessen","Rood fruit, bessen & kersen"
"90006060","Blauwe bessen","Rood fruit, bessen & kersen"
"10075943","Hollandse aardbeien","Rood fruit, bessen & kersen"
"90006056","Hollandse aardbeien","Rood fruit, bessen & kersen"
"10467888","Kersen","Rood fruit, bessen & kersen"
"90006054","Frambozen","Rood fruit, bessen & kersen"
"10074656","Mandarijnen","Sinaasappel & citrus"
"11288847","Minneola","Sinaasappel & citrus"
"10561650","Friszoete perssinaasappelen","Sinaasappel & citrus"
"90006069","Grapefruits","Sinaasappel & citrus"
"90006065","Limoenen","Sinaasappel & citrus"
"10074682","Citroenen","Sinaasappel & citrus"
"10574633","Pitloze witte druiven","Kiwi, druif & mango"
"10467798","Pitloze blauwe druiven","Kiwi, druif & mango"
"11298251","Pitloze witte druiven","Kiwi, druif & mango"
"90006047","Kiwi sungold","Kiwi, druif & mango"
"90006079","Zespri kiwi green","Kiwi, druif & mango"
"90006049","Mango (eetrijp)","Kiwi, druif & mango"
"10467658","Ananas","Ananas, meloen & passiefruit"
"10467838","Galia meloen","Ananas, meloen & passiefruit"
"10556948","Mini watermeloen","Ananas, meloen & passiefruit"
"10551548","Cantaloupe meloen","Ananas, meloen & passiefruit"
"11382825","Gwanipa meloen","Ananas, meloen & passiefruit"
"90006062","Passievrucht","Ananas, meloen & passiefruit"
"11299998","Nectarines","Nectarine, perzik & abrikoos"
"10467708","Wilde perziken","Nectarine, perzik & abrikoos"
"10467719","Perziken","Nectarine, perzik & abrikoos"
"10529638","Abrikozen","Nectarine, perzik & abrikoos"
"90006115","Pruimen Pluyot","Nectarine, perzik & abrikoos"
"90006086","Granaatappelpitjes","Gesneden fruit"
"90006085","Luxe fruitmix","Gesneden fruit"
"90006088","Mango blokjes","Gesneden fruit"
"90006090","Watermeloen blokjes","Gesneden fruit"
"90006083","Ananas blokjes","Gesneden fruit"
"11327434","Fruitbowl","Gesneden fruit"
"90006106","Kruimige aardappelen","Aardappelen ongeschild"
"90006101","Kruimige aardappelen","Aardappelen ongeschild"
"90006104","Zoete aardappelen","Aardappelen ongeschild"
"90006140","Roseval aardappelen","Aardappelen ongeschild"
"90006118","Vastkokende aardappelen","Aardappelen ongeschild"
"90006075","Voordeel aardappelen","Aardappelen ongeschild"
"10074399","Aardappelpartjes met schil","Aardappelen geschild"
"10074776","Kruimige aardappelen","Aardappelen geschild"
"10074669","Aardappelschijfjes","Aardappelen geschild"
"10074665","Fijne mini krieltjes","Aardappelen geschild"
"10075079","Zoete aardappel friet","Aardappelen geschild"
"10074789","Aardappelgratin met kaas","Aardappelen geschild"
"90006010","Bio zoetzure cherrytomaatjes","Komkommer, tomaat & avocado"
"90006093","Snack pruim tomaten","Komkommer, tomaat & avocado"
"10573488","Komkommer","Komkommer, tomaat & avocado"
"90006091","Snack komkommers","Komkommer, tomaat & avocado"
"90006009","Eetrijpe avocado","Komkommer, tomaat & avocado"
"90006001","Bio avocado eetrijp","Komkommer, tomaat & avocado"
"11295128","Paprika mix","Paprika, courgette & aubergine"
"10468928","Rode paprika","Paprika, courgette & aubergine"
"10571588","Zoete puntpaprika","Paprika, courgette & aubergine"
"10467898","Courgette","Paprika, courgette & aubergine"
"90006033","Bio courgette","Paprika, courgette & aubergine"
"10467828","Aubergine","Paprika, courgette & aubergine"
"10074561","Broccoli","Broccoli, bloemkool & bimi"
"10074854","Broccoliroosjes","Broccoli, bloemkool & bimi"
"10468008","Bloemkool","Broccoli, bloemkool & bimi"
"11296036","Mini bloemkool & broccoli","Broccoli, bloemkool & bimi"
"90006000","Bimi","Broccoli, bloemkool & bimi"
"90006119","Romanesco bloemkool","Broccoli, bloemkool & bimi"
"10075977","Sla speciaal mix","Slakroppen, sla & mixen"
"10075917","Rucola melange","Slakroppen, sla & mixen"
"10075995","IJsbergsla","Slakroppen, sla & mixen"
"10075916","Rucola","Slakroppen, sla & mixen"
"10467848","IJsbergsla","Slakroppen, sla & mixen"
"11384999","Alfalfa","Slakroppen, sla & mixen"
"90006022","Groene asperges","Asperges & bonen"
"90006020","Fijne groene aspergetips","Asperges & bonen"
"90006082","Sugar snaps","Asperges & bonen"
"90006081","Peulen","Asperges & bonen"
"90006002","Sperziebonen","Asperges & bonen"
"10074717","Voorgegaarde maïs","Asperges & bonen"
"10550128","Uien","Ui, prei & knoflook"
"10075950","Lichtzoete rode uien","Ui, prei & knoflook"
"90006011","Prei","Ui, prei & knoflook"
"10467818","Bleekselderij","Ui, prei & knoflook"
"10465898","Knoflook","Ui, prei & knoflook"
"10468158","Bosui","Ui, prei & knoflook"
"11299376","Ovengroenten gekleurde wortel","Wortel, radijs & bieten"
"90006095","Waspeen","Wortel, radijs & bieten"
"10462008","Stevige winterpeen","Wortel, radijs & bieten"
"90006124","Bio pastinaak","Wortel, radijs & bieten"
"10697318","Bosje radijs","Wortel, radijs & bieten"
"10443328","Gekookte bieten","Wortel, radijs & bieten"
"10573498","Kleine witte champignons","Paddenstoelen & pompoen"
"10558988","Kastanje champignons","Paddenstoelen & pompoen"
"10074113","Middelgrote witte champignons","Paddenstoelen & pompoen"
"10074382","Rijke paddenstoelenmix","Paddenstoelen & pompoen"
"10074882","Kastanje champignons gesneden","Paddenstoelen & pompoen"
"90006064","Flespompoen","Paddenstoelen & pompoen"
"10074490","Witlof","Witlof, andijvie & kool"
"10075935","Grof gesneden andijvie","Witlof, andijvie & kool"
"10764124","Spitskool","Witlof, andijvie & kool"
"10467868","Paksoi","Witlof, andijvie & kool"
"10075063","Gewassen spinazie","Witlof, andijvie & kool"
"10553008","Venkelknol","Witlof, andijvie & kool"
"10075909","Italiaanse roerbakgroenten","Gesneden groente"
"10075949","Bami/nasi groenten","Gesneden groente"
"10075053","Soepgroente fijn (voordeel)","Gesneden groente"
"10075021","Bloemkoolrijst","Gesneden groente"
"10075934","Geschrapte snack wortel","Gesneden groente"
"11299400","Gebroken sperziebonen","Gesneden groente"
"10074786","Koriander","Verse kruiden"
"10074799","Munt","Verse kruiden"
"10576770","Bio basilicum in pot","Verse kruiden"
"10565056","Bio munt in pot","Verse kruiden"
"90006072","Bio gember","Verse kruiden"
"90006063","Rode peper","Verse kruiden"
"10298502","Kipsaté","Barbecue"
"11294409","Spareribs gemarineerd gegaard","Barbecue"
"11329386","Spareribs vers naturel","Barbecue"
"11297608","Garnalenspiesen knoflook","Barbecue"
"10761284","Zalmfiletspiesen gemarineerd","Barbecue"
"10761491","Visburger","Barbecue"
"10281919","Rundergehakt","Gehakt"
"10281918","Rundergehakt","Gehakt"
"10281999","Gemengd gehakt","Gehakt"
"10281998","Gemengd gehakt","Gehakt"
"10298708","Kipgehakt","Gehakt"
"11295255","Kipgehakt gekruid","Gehakt"
"11323777","Runderhamburgers","Burgers"
"10289938","Runderhamburger","Burgers"
"10288638","Kipburger","Burgers"
"11298250","Kipburgers vers gekruid","Burgers"
"11281697","Jagerburger","Burgers"
"11296419","Curryburger","Burgers"
"10298788","Kipdijfilet","Kip & kalkoen"
"10298634","Kipfilet blokjes","Kip & kalkoen"
"10288688","Kipschnitzel krokant","Kip & kalkoen"
"10298420","Kipdrumsticks gekruid","Kip & kalkoen"
"10298473","Kipfilet","Kip & kalkoen"
"10298538","Kipsaucijzen","Kip & kalkoen"
"10284988","Biefstuk","Rundvlees"
"10291906","Bio runderchipolata","Rundvlees"
"10281948","Rundertartaar","Rundvlees"
"11329382","Biefstukreepjes","Rundvlees"
"10289118","Rundervinken","Rundvlees"
"10284078","Runderriblappen","Rundvlees"
"10286178","Varkenshaas","Varkensvlees"
"10286078","Shoarmareepjes varken","Varkensvlees"
"10286019","Speklap gemarineerd","Varkensvlees"
"10289008","Slavinken","Varkensvlees"
"10286119","Varkensschnitzel gepaneerd","Varkensvlees"
"11296460","Varkenssaucijzen","Varkensvlees"
"10761082","Zalmfilet op huid","Verse & gerookte vis"
"10761480","Pangasius citroen dille","Verse & gerookte vis"
"10761476","Verse kabeljauw","Verse & gerookte vis"
"10761481","Gerookte Atlantische zalm","Verse & gerookte vis"
"10761479","Verse tilapiafilet","Verse & gerookte vis"
"10576928","Hollandse Nieuwe haring","Verse & gerookte vis"
"10562812","Vismarine verse roze garnalen","Schaal- & schelpdieren"
"10562848","Vismarine verse Hollandse garnalen","Schaal- & schelpdieren"
"10204099","Premier mosselen","Schaal- & schelpdieren"
"11384807","Gekookt mosselvlees","Schaal- & schelpdieren"
"90000960","Vongole schelpen","Schaal- & schelpdieren"
"90000963","Wakamesalade","Schaal- & schelpdieren"
"10272919","Vivera vega groenteschijf","Vegetarisch"
"11290917","Garden Gourmet falafel classic","Vegetarisch"
"10272908","Valess filet Milner","Vegetarisch"
"10272928","Vivera vega balletjes","Vegetarisch"
"10272912","Vivera vega kruimgehakt","Vegetarisch"
"10272968","Bio+ tofu","Vegetarisch"
"10298475","Wahid halal kipfilet","Halal"
"90003011","Wahid halal kipkrokantschnitzel","Halal"
"90003012","Wahid halal rundergehakt","Halal"
"90003014","Wahid halal merguezes","Halal"
"90003013","Wahid halal beefburger","Halal"
"10725992","Heel boeren waldkorn brood","Brood"
"10725982","Heel fijn volkoren brood","Brood"
"10725997","Heel boeren maïs brood","Brood"
"10725922","Half boeren maïs brood","Brood"
"10725984","Heel boeren tijger wit brood","Brood"
"10725989","Heel rond wit brood","Brood"
"10626488","Tarwebollen","Bolletjes & puntjes"
"11294402","Volkoren puntjes","Bolletjes & puntjes"
"10636328","Witte bollen","Bolletjes & puntjes"
"10636398","Witte puntjes","Bolletjes & puntjes"
"10636468","Rozijnen krentenbollen","Bolletjes & puntjes"
"11294397","Brioche bollen XL","Bolletjes & puntjes"
"10530749","Suikerbrood","Zoet- & roggebrood"
"11297631","Luxe suikerbrood","Zoet- & roggebrood"
"10724373","Mueslibollen","Zoet- & roggebrood"
"10637258","Rozijnenbrood","Zoet- & roggebrood"
"10724232","Mueslibrood","Zoet- & roggebrood"
"10584299","Bolletje Fries roggebrood","Zoet- & roggebrood"
"10724484","Appelcake","Banket & patisserie"
"10714434","Ambachtelijke boterkoek","Banket & patisserie"
"10629068","Halve appeltaart","Banket & patisserie"
"10622358","Slagroomsoesjes","Banket & patisserie"
"10529890","Tompoucen","Banket & patisserie"
"10637068","Choco slagroom bol","Banket & patisserie"
"10724747","Smulslof om zelf te versieren","Verse bakkersspecialiteiten"
"11296594","Rozijn cranberry bundt cake Picnic","Verse bakkersspecialiteiten"
"90000663","Verse eierkoeken","Verse bakkersspecialiteiten"
"11327410","Bakkers boterkoek blokjes","Verse bakkersspecialiteiten"
"90001911","Brabantsche worstenbroodjes","Verse bakkersspecialiteiten"
"10715043","Ontbijtkoek vers","Verse bakkersspecialiteiten"
"10511687","G'woon afbak roomboter croissants","Afbakbroodjes"
"10618868","Danerolles afbak croissants medium","Afbakbroodjes"
"10511693","G'woon afbak kaiserbroodjes","Afbakbroodjes"
"10657608","Afbak baguette kruidenboter","Afbakbroodjes"
"10762322","Boboli focaccia kruidenboter mozzarella","Afbakbroodjes"
"10511602","G'woon afbak worstenbroodjes","Afbakbroodjes"
"90003291","Yam glutenvrij licht meerzaden","Glutenvrij"
"90003288","Yam bio glutenvrij desem ongesneden","Glutenvrij"
"90003290","Yam glutenvrij donker meerzaden","Glutenvrij"
"10525155","Schär ciabatta glutenvrij","Glutenvrij"
"10873783","Lisa's Choice stokbroodjes glutenvrij diepvries","Glutenvrij"
"90002721","Lisa's Choice bio sesamtoastjes glutenvrij","Glutenvrij"
"11293150","Picnic eitjes 3 ster beter leven","Eieren"
"10761800","Bio eieren klasse M","Eieren"
"11293151","Picnic eitjes 3 ster beter leven","Eieren"
"10764031","Scharreleieren klasse M","Eieren"
"10764022","Scharreleieren klasse M","Eieren"
"10764023","Scharreleieren klasse L","Eieren"
"10575111","Halfvolle melk","Melk & karnemelk"
"10562977","Melkan volle melk","Melk & karnemelk"
"10760327","Melkan magere melk 0% vet","Melk & karnemelk"
"10562319","Zuivel Meester karnemelk","Melk & karnemelk"
"10768796","Den Eelder geitenmelk","Melk & karnemelk"
"10844029","Halfvolle melk houdbaar","Melk & karnemelk"
"10440028","Optimel yoghurtdrink framboos 0% vet","Drinkyoghurt"
"10768786","Optimel yoghurtdrink mango passie 0% vet","Drinkyoghurt"
"10762360","Arla bio kefir","Drinkyoghurt"
"10768225","Arla bio drinkyoghurt framboos zwarte bes","Drinkyoghurt"
"10913238","Bonomel drinkyoghurt aardbei","Drinkyoghurt"
"10510616","Optimel langlekker aardbei framboos 0% vet","Drinkyoghurt"
"10968864","Chocomel vol","Chocolademelk"
"10511522","Melkan chocolademelk vol","Chocolademelk"
"10968861","Chocomel halfvol","Chocolademelk"
"10511669","Melkan chocolademelk halfvol","Chocolademelk"
"10952747","Chocomel 0% suiker toegevoegd","Chocolademelk"
"10964837","Chocomel vol pakjes","Chocolademelk"
"10545972","Alpro haverdrink ongezoet","Plantaardige zuivel"
"10511855","Melkan amandel drink ongezoet","Plantaardige zuivel"
"10927858","Alpro soja drink original","Plantaardige zuivel"
"10510766","Alpro kokos drink","Plantaardige zuivel"
"10597154","Alpro rijstdrink","Plantaardige zuivel"
"10761184","Alpro mild & creamy nature ongezoet","Plantaardige zuivel"
"10760230","Topvit drinkontbijt aardbei kiwi banaan","Drinkontbijt & probiotica"
"11290806","Vifit Goedemorgen drink kiwi aardbei banaan","Drinkontbijt & probiotica"
"10560452","Breaker aardbei","Drinkontbijt & probiotica"
"10760476","Yakult","Drinkontbijt & probiotica"
"10561113","Activia yoghurt aardbei","Drinkontbijt & probiotica"
"90001711","Vifit Sport chocola mokka drink","Drinkontbijt & probiotica"
"10567279","Melkan volle yoghurt","Yoghurt"
"10164088","Melkan halfvolle vanille yoghurt","Yoghurt"
"10444046","Zuivelhoeve boerenyoghurt aardbei","Yoghurt"
"10762927","Zuivel Meester yoghurt Griekse stijl","Yoghurt"
"10760865","Skyr naturel","Yoghurt"
"10763900","Zuivel Meester yoghurt Griekse stijl aardbei","Yoghurt"
"10564712","Melkan magere Franse kwark","Kwark"
"10760241","Melkan volle kwark naturel","Kwark"
"10559738","Almhof volle kwark citroen","Kwark"
"10961848","Almhof volle kwark aardbeien","Kwark"
"10762830","Melkunie protein kwark aardbei","Kwark"
"10469098","Almhof volle kwark vanille","Kwark"
"10574142","Zuivel Meester vanillevla","Vla, pap & variaties"
"10503784","Melkan vanillevla","Vla, pap & variaties"
"10764891","Melkan dubbelvla vanille chocola","Vla, pap & variaties"
"10760634","Melkan chocoladevla","Vla, pap & variaties"
"10760983","Melkunie havermoutpap","Vla, pap & variaties"
"10760143","Melkunie griesmeelpap","Vla, pap & variaties"
"10760053","Cornetto classico","Toetjes & porties"
"10762072","G'woon banketbakkers roomijs","Toetjes & porties"
"10768968","Raket ijsjes","Toetjes & porties"
"10574802","Ehrmann grand dessert chocola","Toetjes & porties"
"10760696","Toetie Monsters kinderkwark medium","Toetjes & porties"
"10562197","Almhof chocolademousse melk","Toetjes & porties"
"10564710","Melkan crème fraîche","Room & crème fraîche"
"10568662","Melkan crème fraîche","Room & crème fraîche"
"10760804","Melkan kookroom","Room & crème fraîche"
"10563253","Campina kookroom light","Room & crème fraîche"
"10564669","Melkan verse slagroom","Room & crème fraîche"
"10547139","Campina echte slagroom","Room & crème fraîche"
"10564503","Roomboter","Boter & braden"
"10603548","Becel halvarine light","Boter & braden"
"10989148","Becel margarine original 100% plantaardig","Boter & braden"
"10563849","Croma bak & braad","Boter & braden"
"10564974","G'woon bak & braad culinair vloeibaar","Boter & braden"
"10760274","Kruidenboter","Boter & braden"
"10254968","Gerookte kipfilet","Gesneden vleeswaren"
"10575466","Gelderse schouderham","Gesneden vleeswaren"
"10254079","Salami","Gesneden vleeswaren"
"10761758","Runderrookvlees","Gesneden vleeswaren"
"10574519","Licht gerookte spekreepjes","Stukken & blokjes vleeswaren"
"10761750","Bacon Specialist spekreepjes gerookt","Stukken & blokjes vleeswaren"
"10561050","Hamblokjes","Stukken & blokjes vleeswaren"
"10551938","Zandvliet Gelderse kookworst","Stukken & blokjes vleeswaren"
"10761878","Filet americain","Filet americain & smeerworst"
"10574091","Filet americain naturel","Filet americain & smeerworst"
"10761136","Kips kleintje smeerleverworst","Filet americain & smeerworst"
"10765163","Saksische smeerleverworst","Filet americain & smeerworst"
"10765146","Likkepot","Filet americain & smeerworst"
"10562429","Crèmepaté","Filet americain & smeerworst"
"90003000","Wahid halal kipfilet naturel","Halal vleeswaren"
"90003005","Wahid halal kalkoenham","Halal vleeswaren"
"90003002","Wahid halal kipfilet Provence","Halal vleeswaren"
"90003003","Wahid halal rundersalami","Halal vleeswaren"
"90003007","Wahid halal smeerleverworst","Halal vleeswaren"
"90003001","Wahid halal boterhamworst","Halal vleeswaren"
"10241842","Vegetarische Slager petit filet","Vegetarische vleeswaren"
"10241843","Vegetarische Slager petit paté","Vegetarische vleeswaren"
"10272969","Vivera vega paté","Vegetarische vleeswaren"
"10241849","Vegetarische Slager boterhamworst","Vegetarische vleeswaren"
"10241841","Vegetarische Slager kipworst","Vegetarische vleeswaren"
"10252057","Vegetarische Slager Spaanse worst","Vegetarische vleeswaren"
"10760505","Uniekaas belegen kaas","Stukken kaas"
"10762931","Melkan weidekaas jong","Stukken kaas"
"10760504","Uniekaas jong belegen kaas","Stukken kaas"
"10760130","Old Amsterdam oude kaas","Stukken kaas"
"10568981","Milner belegen kaas 30+ stuk","Stukken kaas"
"10761841","Jong belegen geitenkaas 50+","Stukken kaas"
"10760618","Melkan jonge kaas plakken","Plakken kaas"
"10760358","Hollandse jong belegen kaas plakken","Plakken kaas"
"10762051","Beemster belegen kaas plakken 48+","Plakken kaas"
"10761906","Beemster oude kaas plakken","Plakken kaas"
"10565973","Milner jong belegen kaas 30+ plakken","Plakken kaas"
"10761844","Picnic geitenkaas jong belegen","Plakken kaas"
"10761956","Eru smeerkaas goudkuipje naturel","Smeerkaas & zuivelspread"
"10560166","Bon Appetit smeerkaas naturel 48+","Smeerkaas & zuivelspread"
"10768502","Paturain kruidenkaas met knoflook","Smeerkaas & zuivelspread"
"10761046","Philadelphia zuivelspread naturel","Smeerkaas & zuivelspread"
"10618858","Danone hüttenkäse","Smeerkaas & zuivelspread"
"10760716","Boursin cuisine knoflook & kruiden","Smeerkaas & zuivelspread"
"10760874","Melkan geraspte jong belegen kaas 30+","Geraspte kaas & blokjes"
"10761954","Geraspte milde kaas","Geraspte kaas & blokjes"
"10760872","Melkan geraspte oude kaas","Geraspte kaas & blokjes"
"10760905","Parrano geraspte kaas","Geraspte kaas & blokjes"
"10760870","Melkan jong belegen kaasblokjes","Geraspte kaas & blokjes"
"10760236","Babybel mini kaas","Geraspte kaas & blokjes"
"10762990","Parmezaanse kaas","Kook- & saladekazen"
"10503669","Griekse feta kaas","Kook- & saladekazen"
"10765597","Mozzarella","Kook- & saladekazen"
"10762914","Plakken cheddar kaas","Kook- & saladekazen"
"10760147","Galbani mascarpone","Kook- & saladekazen"
"10760158","Galbani Italiaanse ricotta","Kook- & saladekazen"
"10767262","Président romige brie 60+","Buitenlandse kazen"
"10761869","Gorgonzola smeuig blauwgeaderd","Buitenlandse kazen"
"11298368","Port salut","Buitenlandse kazen"
"10761861","Zachte geitenkaas met honing","Buitenlandse kazen"
"10772979","Pecorino","Buitenlandse kazen"
"10762999","Manchego milde Spaanse schapenkaas","Buitenlandse kazen"
"10761152","Maza hoemoes naturel","Hummus & broodsalades"
"10754990","Johma tonijnsalade","Hummus & broodsalades"
"10760657","Kip kerrie salade vers","Hummus & broodsalades"
"10768581","Johma beenhamsalade","Hummus & broodsalades"
"10760669","Scharrelei bieslook salade vers","Hummus & broodsalades"
"10761045","Johma oude kaas salade","Hummus & broodsalades"
"10772973","Kaasplateau mild","Olijven, tapas & borrel"
"10760735","Verse olijven met knoflook","Olijven, tapas & borrel"
"10768120","Chovi allioli vers","Olijven, tapas & borrel"
"10760743","Verse groene pesto","Olijven, tapas & borrel"
"10761928","Huls chorizo","Olijven, tapas & borrel"
"10762085","Waarlandse blokjes extra belegen","Olijven, tapas & borrel"
"10512792","Quaker havermout","Havermout & pap"
"10572577","Havermout vlokken","Havermout & pap"
"10543799","G'woon havermout","Havermout & pap"
"10584936","Brinta volkoren graanontbijt","Havermout & pap"
"10584942","Brinta Wake Up banaan","Havermout & pap"
"10969729","Brinta Wake Up naturel","Havermout & pap"
"10584374","Quaker cruesli chocolade","Muesli & granola"
"10543523","G'woon krokante muesli 4 noten","Muesli & granola"
"10589171","Zonnatura bio muesli rijkgevuld","Muesli & granola"
"10565066","Van Zoelen muesli rozijnen","Muesli & granola"
"10512231","Eat Natural granola amandel zaden honing","Muesli & granola"
"10512240","Bolletje ontbijtgranen hazelnoot amandel","Muesli & granola"
"10674402","Kellogg's Special K pure chocolade","Cornflakes & kinderontbijt"
"10674403","Kellogg's Special K naturel","Cornflakes & kinderontbijt"
"10824415","Kellogg's Coco pops chocos","Cornflakes & kinderontbijt"
"10573437","Kellogg's tresor melk chocolade","Cornflakes & kinderontbijt"
"10567249","Kellogg's honey loops","Cornflakes & kinderontbijt"
"10674401","Kellogg's Smacks","Cornflakes & kinderontbijt"
"10595995","Smaakt bio lijnzaad gebroken","Granen, zaden & vlokken"
"10595994","Smaakt bio lijnzaad","Granen, zaden & vlokken"
"10595029","Raw bio chiazaad","Granen, zaden & vlokken"
"10511676","Smaakt bio hele havervlokken","Granen, zaden & vlokken"
"10595021","Raw bio cacao nibs","Granen, zaden & vlokken"
"10595976","Smaakt bio speltvlokken","Granen, zaden & vlokken"
"10543872","Bolletje beschuit","Beschuit"
"10524941","G'woon beschuit naturel","Beschuit"
"10524942","G'woon beschuit volkoren","Beschuit"
"10543767","Bolletje volkoren beschuit","Beschuit"
"10524985","Bolletje beschuit vezelrijk meerzaden","Beschuit"
"10589504","Bolletje beschuit boeren granen","Beschuit"
"10543249","G'woon rijstwafels zeezout","Rijstwafels"
"10964251","Van Zoelen rijstwafels","Rijstwafels"
"10583899","Zonnatura bio maïswafels","Rijstwafels"
"11356050","Snack a Jacks rijstwafels Maroccan spices","Rijstwafels"
"10512303","Snack a Jacks rijstwafels cheese","Rijstwafels"
"10595971","Smaakt bio rijstwafel met haver","Rijstwafels"
"10525344","Wasa knäckebröd volkoren","Knäckebröd & crackers"
"10543223","G'woon knäckebröd sesam","Knäckebröd & crackers"
"10511723","Bolletje oerknäck Waldkorn","Knäckebröd & crackers"
"10567236","Lu Cracottes volkoren","Knäckebröd & crackers"
"10524047","Bolletje lichte crackers spelt & havermout","Knäckebröd & crackers"
"10674466","Bolletje ontbijtcrackers meerzaden","Knäckebröd & crackers"
"10580266","Peijnenburg ontbijtkoek gesneden","Ontbijt- & kruidkoek"
"10511106","Peijnenburg ontbijtkoek zero gesneden","Ontbijt- & kruidkoek"
"10543884","Peijnenburg ontbijtkoek xl","Ontbijt- & kruidkoek"
"10543453","Peijnenburg ontbijtkoek","Ontbijt- & kruidkoek"
"10589661","Peijnenburg kruidkoek noten overheerlijk","Ontbijt- & kruidkoek"
"10543245","G'woon parelkandijkoek","Ontbijt- & kruidkoek"
"10968192","Calvé pindakaas","Pindakaas & chocopasta"
"10525140","Calvé pindakaas met stukjes pinda","Pindakaas & chocopasta"
"10511811","G'woon pindakaas 100% pinda","Pindakaas & chocopasta"
"10595926","Bio Today tahin naturel","Pindakaas & chocopasta"
"10514820","Nutella hazelnootpasta","Pindakaas & chocopasta"
"10511841","G'woon chocoladepasta puur","Pindakaas & chocopasta"
"10512946","G'woon hagelslag mix","Strooisels"
"10512950","G'woon hagelslag puur","Strooisels"
"10059048","Vlokken melk","Strooisels"
"10969907","De Ruijter vruchtenhagel","Strooisels"
"10113758","De Ruijter roze & witte muisjes","Strooisels"
"10511626","Schuddebuikjes speculaas","Strooisels"
"10966492","Bonne Maman aardbeien confiture","Jam & spreads"
"10525149","De Ruijter kleintjes jam","Jam & spreads"
"10512939","G'woon frambozenjam extra","Jam & spreads"
"10966491","Bonne Maman abrikozen confiture","Jam & spreads"
"10514461","Heinz sandwich spread naturel","Jam & spreads"
"10389958","De Ruijter kleintjes smeerbaar","Jam & spreads"
"10510561","Theunisse kokosbrood","Stroop, honing & kokosbrood"
"90000411","Bio Today kokosbrood","Stroop, honing & kokosbrood"
"10512001","G'woon bloemenhoning vloeibaar","Stroop, honing & kokosbrood"
"10511975","Bio+ rinse appelstroop","Stroop, honing & kokosbrood"
"10512186","Van Gilse schenkstroop","Stroop, honing & kokosbrood"
"10343758","Marmite","Stroop, honing & kokosbrood"
"10574169","Sundale kristalsuiker","Suiker & zoetstof"
"10550672","Van Gilse poedersuiker","Suiker & zoetstof"
"10504419","Van Gilse suikerklontjes","Suiker & zoetstof"
"10075548","Caribbean Gold rietsuiker klontjes","Suiker & zoetstof"
"10461508","Natrena zoetstof vloeibaar","Suiker & zoetstof"
"10734608","Natrena zoetjes navul","Suiker & zoetstof"
"10472818","Grand'Italia spaghetti all'uovo","Pasta"
"10580064","Grand'Italia linguine all'uovo","Pasta"
"10572726","G'woon penne rigate","Pasta"
"10567443","G'woon macaroni","Pasta"
"10572727","G'woon fusilli","Pasta"
"10576896","G'woon lasagnebladen","Pasta"
"10567452","G'woon zilvervliesrijst","Rijst"
"10580702","G'woon witte rijst","Rijst"
"10579376","G'woon basmati rijst","Rijst"
"10589846","G'woon pandanrijst","Rijst"
"10573516","G'woon risotto rijst","Rijst"
"10573515","G'woon notenrijst","Rijst"
"10583887","Lassie bio couscous","Bulgur, couscous & quinoa"
"11299182","Smaakt bio parelcouscous","Bulgur, couscous & quinoa"
"11299111","Smaakt bio volkoren couscous","Bulgur, couscous & quinoa"
"10580190","Lassie bio quinoa","Bulgur, couscous & quinoa"
"11299123","Smaakt bio quinoa tricolore met zeewier","Bulgur, couscous & quinoa"
"10580199","Lassie bio bulgur","Bulgur, couscous & quinoa"
"10561921","Conimex woknoedels","Mie & noodles"
"10582822","Sum & Sam woknoedels kant & klaar","Mie & noodles"
"10511631","Conimex rijstnoedels smal","Mie & noodles"
"10567450","G'woon mie nestjes","Mie & noodles"
"10111648","Conimex Chinese eiermie","Mie & noodles"
"10495438","Conimex mihoen","Mie & noodles"
"10584914","Heinz tomato frito","Italiaans"
"10543787","G'woon pastasaus tradizionale","Italiaans"
"10589629","Bertolli pastasaus bolognese","Italiaans"
"10512032","Perfekt zwarte olijven zonder pit","Italiaans"
"10580553","Perfekt pesto groen","Italiaans"
"11284583","Royal Geroosterde rode paprika","Italiaans"
"10573561","Santa Maria tortillas wraps volkoren","Mexicaans"
"10580340","Perfekt tortilla wraps groot","Mexicaans"
"10567175","Santa Maria taco shells","Mexicaans"
"10567179","Santa Maria taco seasoning mix","Mexicaans"
"10567177","Santa Maria taco saus mild","Mexicaans"
"10994468","Knorr Mexicaanse taco's","Mexicaans"
"10582870","Sum & Sam kroepoek cassave","Oosters"
"10545828","Conimex boemboe sajoer boontjes","Oosters"
"10543645","Sum & Sam gele curry pasta","Oosters"
"10582886","Sum & Sam kokosmelk","Oosters"
"10582876","Sum & Sam gebakken uitjes","Oosters"
"10580704","Conimex ketjap manis","Oosters"
"10525194","Patak's naan brood knoflook koriander","Surinaams & Indiaas"
"11294428","Patak's naan brood knoflook koriander mini","Surinaams & Indiaas"
"11294427","Patak's naan brood naturel","Surinaams & Indiaas"
"11288944","Faja Lobi sandhia’s roti","Surinaams & Indiaas"
"11289260","Faja Lobi trassie trafasie","Surinaams & Indiaas"
"11288947","Faja Lobi roti masala trafasie","Surinaams & Indiaas"
"10310818","Knorr Indiase kip tandoori","Wereldgerechten"
"10428358","Knorr Thaise kip siam","Wereldgerechten"
"10496708","Knorr Italiaanse lasagne bolognese","Wereldgerechten"
"10574184","Knorr Italiaanse risotto","Wereldgerechten"
"10894058","Knorr Mexicaanse burritos","Wereldgerechten"
"10577063","Knorr Zuid-Afrikaanse bobotie","Wereldgerechten"
"10584202","Honig macaroni spaghetti mix","Maaltijdmixen & ovenschotels"
"10511213","Conimex saté marinade","Maaltijdmixen & ovenschotels"
"10562408","Aardappel Anders bacon ui","Maaltijdmixen & ovenschotels"
"10572700","Knorr chili con carne mix","Maaltijdmixen & ovenschotels"
"10674515","Maggi ovenschotel prei kerrie mix","Maaltijdmixen & ovenschotels"
"10583949","Maggi braadstomen kip smokey chicken","Maaltijdmixen & ovenschotels"
"10510755","G'woon linzen","Groente in blik"
"10562412","Bonduelle crispy maïs","Groente in blik"
"10580597","G'woon kikkererwten","Groente in blik"
"10568047","G'woon doperwten & wortelen","Groente in blik"
"10583897","Bio+ tomatenblokjes","Groente in blik"
"10674931","G'woon artisjokharten","Groente in blik"
"10567001","G'woon witte bonen in tomatensaus","Groente in pot & zak"
"10567482","G'woon doperwten extra fijn","Groente in pot & zak"
"10567489","G'woon doperwt & wortel extra fijn","Groente in pot & zak"
"10567473","G'woon sperziebonen gebroken","Groente in pot & zak"
"10584028","Hak rode kool met appel","Groente in pot & zak"
"10814184","Hak veldertjes","Groente in pot & zak"
"10557471","G'woon fruitcocktail","Appelmoes & fruitconserven"
"10557372","G'woon halve perziken op siroop","Appelmoes & fruitconserven"
"10574852","Green appelmoes","Appelmoes & fruitconserven"
"10589245","Hak appelmoes","Appelmoes & fruitconserven"
"10560601","G'woon appelcompote","Appelmoes & fruitconserven"
"10573592","G'woon appelmoes","Appelmoes & fruitconserven"
"10543376","John West tonijnstukken water","Vis- & vleesconserven"
"10543530","Princes tonijnmoot op zonnebloemolie","Vis- & vleesconserven"
"10524036","G'woon knakworsten","Vis- & vleesconserven"
"10589083","Unox Gelderse rookworst","Vis- & vleesconserven"
"10674073","Unox leverpastei","Vis- & vleesconserven"
"10589089","Unox kippenragout","Vis- & vleesconserven"
"10589924","Unox tomatensoep stevig","Soep & Cup-a-soup"
"10543170","Unox tomatensoep rijkgevuld","Soep & Cup-a-soup"
"10580105","Soepstengels naturel","Soep & Cup-a-soup"
"10450958","Honig vermicelli middel","Soep & Cup-a-soup"
"10543433","G'woon soepballetjes","Soep & Cup-a-soup"
"10492198","Cup-a-Soup champignon crème","Soep & Cup-a-soup"
"10511075","Honig kippensoep mix","Bouillon & soepmixen"
"10511073","Honig groentesoep mix","Bouillon & soepmixen"
"10573445","Maggi bouillon groente","Bouillon & soepmixen"
"10543327","G'woon bouillon groente","Bouillon & soepmixen"
"11299135","Smaakt bio gevogeltefond","Bouillon & soepmixen"
"11299138","Smaakt bio runderfond","Bouillon & soepmixen"
"10583917","Zaanse mayonaise","Mayonaise & fritessaus"
"10512371","Zaanse mayonaise","Mayonaise & fritessaus"
"10590548","Remia fritessaus","Mayonaise & fritessaus"
"10573863","Calvé licht & romig","Mayonaise & fritessaus"
"10603998","Calvé yofresh","Mayonaise & fritessaus"
"10512972","Jean Baton truffel mayonaise","Mayonaise & fritessaus"
"10584394","Heinz tomato ketchup","Ketchup, curry & chilisaus"
"10543495","G'woon tomaten ketchup","Ketchup, curry & chilisaus"
"10617088","Hela curry kruiden ketchup","Ketchup, curry & chilisaus"
"10524110","Oliehoorn currysaus","Ketchup, curry & chilisaus"
"10578261","Go-Tan chili saus original","Ketchup, curry & chilisaus"
"10580921","Inproba chili sauce mild","Ketchup, curry & chilisaus"
"10572716","Wijko satésaus kant & klaar","Snacksauzen"
"10572715","Wijko satésaus geconcentreerd","Snacksauzen"
"10543122","Yil'driz Turkse knoflooksaus","Snacksauzen"
"10589609","Calvé whisky cocktailsaus","Snacksauzen"
"10543499","G'woon barbecue saus","Snacksauzen"
"10765441","Joppiesaus saus","Snacksauzen"
"10511791","Kühne Franse mosterd","Mosterd & dipsauzen"
"10580835","Maille dijon originale","Mosterd & dipsauzen"
"10584304","Huisman Zaanse mosterd grof gemalen","Mosterd & dipsauzen"
"10699028","Duyvis dipsaus aïoli","Mosterd & dipsauzen"
"10601588","Duyvis dipsaus carnaval","Mosterd & dipsauzen"
"10601508","Duyvis dipsaus fantasia","Mosterd & dipsauzen"
"10925408","Maggi jus mix rundvlees","Maaltijdsauzen, jus & puree"
"10543773","G'woon jus naturel","Maaltijdsauzen, jus & puree"
"10543792","G'woon mix voor kaassaus","Maaltijdsauzen, jus & puree"
"10600288","Honig groentesaus fijne tuinkruiden mix","Maaltijdsauzen, jus & puree"
"10402258","Knorr kerriesaus mix","Maaltijdsauzen, jus & puree"
"10573497","Maggi aardappelpuree à la minute naturel mix","Maaltijdsauzen, jus & puree"
"10511884","Hela sladressing honing-mosterd","Dressings & saladetoppings"
"10584311","Hela sladressing mosterd-dille","Dressings & saladetoppings"
"10543235","G'woon slasaus","Dressings & saladetoppings"
"10584126","Calvé slasaus naturel","Dressings & saladetoppings"
"10543347","G'woon croutons kruiden","Dressings & saladetoppings"
"10584458","Pijnboompitten","Dressings & saladetoppings"
"10524932","G'woon olijfolie traditioneel","Olie, zuren & azijn"
"10524960","G'woon olijfolie traditioneel","Olie, zuren & azijn"
"10568052","Perfekt augurken sticks zoetzuur","Olie, zuren & azijn"
"10589254","Perfekt kappertjes","Olie, zuren & azijn"
"10524917","G'woon natuurazijn wit","Olie, zuren & azijn"
"10580753","Diamant frituurvet vloeibaar","Olie, zuren & azijn"
"10573984","Verstegen zeezout molen","Hele kruiden & specerijen"
"10574111","Jozo zeezout grof","Hele kruiden & specerijen"
"10577480","Verstegen 4 seizoenen peper","Hele kruiden & specerijen"
"10577472","Verstegen zwarte peper","Hele kruiden & specerijen"
"10572853","Verstegen Italiaanse kruiden","Hele kruiden & specerijen"
"10577431","Verstegen vanille stokjes heel","Hele kruiden & specerijen"
"10576451","Verstegen kruidenmix kip busje","Kruidenmix & smaakversterker"
"10578640","Verstegen kruidenmix shoarma","Kruidenmix & smaakversterker"
"10570944","Verstegen gehakt kruiden traditioneel slagersrecept","Kruidenmix & smaakversterker"
"10570945","Verstegen kruidenmix mosselen","Kruidenmix & smaakversterker"
"11292042","Verstegen kruidenmix aardappel","Kruidenmix & smaakversterker"
"10570993","Verstegen kruidenmix patat & frites busje","Kruidenmix & smaakversterker"
"10589361","G'woon sultana rozijnen","Bakingrediënten & fruit"
"10583896","Bio+ sultana rozijnen","Bakingrediënten & fruit"
"10560088","Smeuïge medjool dadels","Bakingrediënten & fruit"
"10512104","Lemon citroensap","Bakingrediënten & fruit"
"10511070","Tova dessertsaus aardbei","Bakingrediënten & fruit"
"11325095","Dr. Oetker hazelnoten garnering","Bakingrediënten & fruit"
"10917308","Koopmans origineel pannenkoekenmix","Bakmix & meel"
"10578367","Dr. Oetker kwarktaartmix aardbei","Bakmix & meel"
"10964101","G'woon patent bloem","Bakmix & meel"
"11290609","Bio+ amandelmeel","Bakmix & meel"
"10664998","G'woon paneermeel","Bakmix & meel"
"10584913","Dr. Oetker kloppudding vanille","Bakmix & meel"
"10595084","Consenza luchtige maiscrackers glutenvrij","Glutenvrij"
"10595082","Consenza ontbijtpap glutenvrij","Glutenvrij"
"10595071","Consenza mais macaroni glutenvrij","Glutenvrij"
"11300485","Farabella penne glutenvrij","Glutenvrij"
"10511202","Céréal cookies chocolade glutenvrij lactosevrij","Glutenvrij"
"11299141","Consenza paneermeel glutenvrij","Glutenvrij"
"10674022","Lay's Hamka's original","Chips & popcorn"
"10512364","Lay's naturel chips","Chips & popcorn"
"10512365","Lay's paprika chips","Chips & popcorn"
"10581964","Doritos tortillachips nacho cheese","Chips & popcorn"
"10573390","Croky bolognese chips","Chips & popcorn"
"11301235","Lay's funmix chips multipack","Chips & popcorn"
"11300428","Lu mini crackers volkoren","Crackers & zoutjes"
"10834011","Lu mini crackers olijfolie oregano","Crackers & zoutjes"
"10563301","Melba toast original","Crackers & zoutjes"
"11281572","Bolletje zoute pepsels","Crackers & zoutjes"
"10543426","Twiggles kaas","Crackers & zoutjes"
"11281578","G'woon Japanse mix","Crackers & zoutjes"
"10565634","G'woon cashewnoten ongezouten","Noten & pinda's"
"10512796","G'woon notenmelange ongezouten ongebrand","Noten & pinda's"
"10584110","Duyvis borrelnoten Provençale","Noten & pinda's"
"10577837","G'woon pinda's gezouten","Noten & pinda's"
"10511291","G'woon walnoten ongezouten","Noten & pinda's"
"10571619","G'woon pistachenoten gezouten","Noten & pinda's"
"10578097","Bakkers Weelde eierkoeken","Koek & cake"
"10573214","Oreo original","Koek & cake"
"10578921","Bakkers Weelde roomboter reuze stroopwafels","Koek & cake"
"10511516","Bastogne koeken","Koek & cake"
"10575528","Verkade langetjes kaneel","Koek & cake"
"10580600","Brinky choco fourre","Koek & cake"
"10567310","Sultana fruitbiscuit appel","Koek tussendoortjes"
"10567311","Sultana fruitbiscuit bosvruchten","Koek tussendoortjes"
"10512015","Liga Milkbreak melk XL","Koek tussendoortjes"
"10512262","Eat Natural pinda's & chocolade","Koek tussendoortjes"
"10589384","Snelle Jelle kruidkoek","Koek tussendoortjes"
"10543590","Bolletje goed bezig havermoutrepen rood fruit","Koek tussendoortjes"
"10674091","Tony's Chocolonely karamel zeezout","Chocoladerepen"
"10580380","Tony's Chocolonely melkchocolade","Chocoladerepen"
"10511206","Lindt excellence puur 85% cacao","Chocoladerepen"
"10580622","Tony's Chocolonely melk hazelnoot","Chocoladerepen"
"10547230","G'woon witte chocolade","Chocoladerepen"
"10571210","Côte d'Or bonbonbloc praliné melk","Chocoladerepen"
"10674334","M&M's pinda","Candybars & chocolade"
"10568701","Kinder chocolade","Candybars & chocolade"
"10581972","Pindarotsjes melk","Candybars & chocolade"
"10589366","Snickers","Candybars & chocolade"
"10674337","Mars mixed mini's","Candybars & chocolade"
"10573170","Côte d'Or Chokotoff pure chocolade","Candybars & chocolade"
"10511807","Harlekijn zoete drop","Drop"
"10511013","Venco dropmix zoet zacht","Drop"
"10844046","Red Band dropfruit duo's","Drop"
"10525304","Autodrop bosvruchtrode cadillacs","Drop"
"10525204","G'woon zoute drop en salmiak","Drop"
"10524970","Klene dropgums suikervrij","Drop"
"10567080","Red Band winegums","Snoep"
"10584324","Sundream snoeprozijnen uitdeelzak","Snoep"
"10844185","Spekkies","Snoep"
"10571336","Chupa Chups lolly mix","Snoep"
"10524946","Dextro Energy tabletten citroen","Snoep"
"10584112","Werther's original roomsnoepjes original","Snoep"
"10573773","Stimorol original suikervrij","Kauwgom & mint"
"10543214","Stimorol ice intense mint suikervrij","Kauwgom & mint"
"10589395","Smint mints peppermint xl","Kauwgom & mint"
"10525259","Smint clean breath","Kauwgom & mint"
"10511960","Mentos mintsmaak","Kauwgom & mint"
"11295815","Stimorol cool candy fresh wave","Kauwgom & mint"
"10761992","G'woon mango diepvries","Fruit"
"10760219","G'woon zomerfruit diepvries","Fruit"
"10762140","G'woon blauwe bessen diepvries","Fruit"
"10762134","G'woon blauwe bessen en framboos","Fruit"
"10760218","G'woon frambozen diepvries","Fruit"
"10761068","G'woon aardbeien diepvries","Fruit"
"10765290","G'woon spinazie à la crème portieblokjes","Groente"
"10760796","G'woon Italiaanse wokmix diepvries","Groente"
"10761838","G'woon broccoli diepvries","Groente"
"10562480","G'woon sperziebonen gebroken diepvries","Groente"
"10765986","G'woon tuinerwten extra fijn diepvries","Groente"
"10761848","G'woon bloemkool diepvries","Groente"
"10778621","G'woon voorgebakken ovenfrites","Frites & aardappelen"
"10778629","G'woon aardappelbolletjes diepvries","Frites & aardappelen"
"10768724","Aviko rösti rondjes diepvries","Frites & aardappelen"
"10768645","Aviko aardappelkroketjes bistro","Frites & aardappelen"
"10768476","Aviko aardappelschijfjes diepvries","Frites & aardappelen"
"10353028","Aviko Zwitserse aardappelschotel","Frites & aardappelen"
"10567095","Ristorante pizza salami","Pizza's"
"10502948","Ristorante pizza mozzarella","Pizza's"
"10764962","Wagner Big city pizza Sydney","Pizza's"
"10824103","Wagner Big city pizza Budapest","Pizza's"
"10760524","Dr. Oetker pizzaburgers salami","Pizza's"
"11300490","Lekker & Anders Turkse pizza","Pizza's"
"10762764","G'woon oven mini mix","Ovensnacks"
"10762765","G'woon oven frikandellen diepvries","Ovensnacks"
"10762873","G'woon oven kroketten","Ovensnacks"
"10762811","G'woon oven kaassoufflés","Ovensnacks"
"10762879","G'woon oven kipnuggets","Ovensnacks"
"10722061","Mora oven bamischijven","Ovensnacks"
"10789582","Mora kipsaté in milde saus diepvries","Maaltijdsnacks"
"10767455","Broodje bapao rundvlees diepvries","Maaltijdsnacks"
"10560150","Wagner piccolinis salami","Maaltijdsnacks"
"10565649","Hamburgers","Maaltijdsnacks"
"11299367","Topking vlamtosti","Maaltijdsnacks"
"10768515","Mora carrero diepvries","Maaltijdsnacks"
"10565646","Vismarine vissticks","Vis & schaaldieren"
"10767417","Iglo vissticks","Vis & schaaldieren"
"10414618","Vismarine zalmfilet","Vis & schaaldieren"
"10760746","Queens pangafilet diepvries","Vis & schaaldieren"
"10762279","Vismarine wokgarnalen diepvries","Vis & schaaldieren"
"10762715","Klaas Puul gamba's","Vis & schaaldieren"
"10760579","Iglo pasta kipfilet, spinazie & boursin","Diepvriesmaaltijden"
"10565622","Iglo tagliatelle zalm & spinazie","Diepvriesmaaltijden"
"10760556","Iglo South Indian curry","Diepvriesmaaltijden"
"10762124","Ping & Klaar gegrilde kip met rösti en boontjes","Diepvriesmaaltijden"
"10762123","Ping & Klaar hamburger met aardappelbolletjes","Diepvriesmaaltijden"
"10574243","Lekker & Anders kebap kip","Diepvriesmaaltijden"
"10760053","Cornetto classico","IJs & gebak"
"10762072","G'woon banketbakkers roomijs","IJs & gebak"
"10768968","Raket ijsjes","IJs & gebak"
"10741748","Piecompany appeltaart diepvries","IJs & gebak"
"10762840","Ben & Jerry's chocolate caramel & cookie dough","IJs & gebak"
"10778615","Viennetta biscuit caramel","IJs & gebak"
"10765125","Mora frikandellen","Snacks"
"10768514","Mora kroketten rundvlees diepvries","Snacks"
"10762882","G'woon partysnacks diepvries","Snacks"
"10762846","Topking vlammetjes","Snacks"
"10762891","G'woon kaassoufflés diepvries","Snacks"
"10760595","Mora kipnuggets diepvries","Snacks"
